<?xml version="1.0" encoding="UTF-8" standalone="yes" ?><cp:coreProperties xmlns:cp="http://schemas.openxmlformats.org/package/2006/metadata/core-properties" xmlns:dc="http://purl.org/dc/elements/1.1/" xmlns:dcmitype="http://purl.org/dc/dcmitype/" xmlns:dcterms="http://purl.org/dc/terms/" xmlns:xsi="http://www.w3.org/2001/XMLSchema-instance"><cp:category>Model</cp:category><dcterms:created xsi:type="dcterms:W3CDTF">2014-07-10T02:01:26Z</dcterms:created><dc:creator>rhev2401</dc:creator><dc:description></dc:description><cp:lastModifiedBy>abia2601</cp:lastModifiedBy><dcterms:modified xsi:type="dcterms:W3CDTF">2018-12-01T23:04:50Z</dcterms:modified><cp:revision>1.1030</cp:revision><cp:version>R2016a</cp:version></cp:coreProperties>